block_size,t_alloc_cpu,t_alloc_gpu,t_cpu,t_gpu,t_transfers,components_sum_ms,end2end_ms,components_error_ms
32,491.888046,200.069904,96.187115,98.380089,8.427858,894.953012,894.96994,0.01692800000000716
48,491.722107,208.469868,102.705956,79.595327,8.444786,890.938044,890.950918,0.01287400000001071
64,489.823818,202.508926,95.652103,77.381134,8.447647,873.813628,873.827934,0.014306000000033237
128,490.36622,201.348066,95.610142,103.556871,8.501053,899.382352,899.395227,0.012875000000008185
238,491.500139,213.505983,96.537828,131.086826,8.698225,941.329001,941.344023,0.0150220000000445
512,490.277052,206.681967,96.442938,139.675856,8.501768,941.5795810000001,941.598892,0.01931099999990238
1024,491.58597,201.910019,95.699787,104.49934,8.629799,902.324915,902.340889,0.015973999999914668
