config,block_size,dataset_size_MB,numObjs,numCoords,numClusters,t_alloc_dealloc_um,t_gpu_computation,t_other,components_sum_ms,end2end_ms,components_error_ms
1024MB_32coords_64centers,128,1024.0,4194304,32,64,320.236921,1088.472605,245.466471,1654.1759969999998,1654.175997,2.2737367544323206e-13
1024MB_32coords_94centers,128,1024.0,4194304,32,94,232.181072,1292.513132,246.613741,1771.307945,1771.307945,0.0
1024MB_64coords_64centers,128,1024.0,2097152,64,64,227.959156,1428.965569,353.563309,2010.488034,2010.488033,-9.99999883788405e-07
1024MB_64coords_94centers,128,1024.0,2097152,64,94,229.589701,1675.334692,353.510618,2258.4350109999996,2258.435011,4.547473508864641e-13
4096MB_32coords_64centers,128,4096.0,16777216,32,64,250.924826,4168.994188,991.955042,5411.874056000001,5411.874056,-9.094947017729282e-13
4096MB_32coords_94centers,128,4096.0,16777216,32,94,342.111826,5126.984596,994.068623,6463.165045000001,6463.165045,-9.094947017729282e-13
4096MB_64coords_64centers,128,4096.0,8388608,64,64,349.374056,5668.199062,1414.45899,7432.032107999999,7432.032108,9.094947017729282e-13
4096MB_64coords_94centers,128,4096.0,8388608,64,94,341.953993,6818.147421,1412.325621,8572.427035,8572.427034,-1.0000003385357559e-06
