block_size,t_alloc_um,t_cpu,t_gpu,t_init_um,components_sum_ms,end2end_ms,components_error_ms
32,469.83695,0.252008,270.614147,247.587919,988.291024,988.296032,0.0050079999999752545
48,338.684797,0.273943,253.430128,247.03598,839.424848,839.430094,0.005246000000056483
64,382.694006,0.255108,235.100031,247.203827,865.252972,865.254164,0.001191999999946347
128,396.674156,0.265837,245.871067,249.325037,892.1360970000001,892.137051,0.0009539999999788051
238,385.105133,0.256538,277.154446,248.300791,910.816908,910.819054,0.002146000000038839
512,356.024027,0.264168,256.510973,246.352196,859.1513640000001,859.154224,0.002859999999941465
1024,363.898993,0.263929,277.587175,248.528957,890.279054,890.280962,0.0019080000000712971
