config,block_size,dataset_size_MB,numObjs,numCoords,numClusters,t_alloc_dealloc_um,t_gpu,t_other,t_um_advise,t_um_prefetch,components_sum_ms,end2end_ms,components_error_ms
1024MB_32coords_64centers,128,1024.0,4194304,32,64,331.665993,935.75716,255.377293,3.381968,85.385799,1611.5682129999998,1611.568213,2.2737367544323206e-13
1024MB_32coords_94centers,128,1024.0,4194304,32,94,232.161999,1127.981901,252.753496,3.230095,85.036516,1701.1640069999999,1701.164007,2.2737367544323206e-13
1024MB_64coords_64centers,128,1024.0,2097152,64,64,226.342916,1243.513584,373.764753,3.320932,84.713697,1931.655882,1931.655884,1.9999999949504854e-06
1024MB_64coords_94centers,128,1024.0,2097152,64,94,232.211828,1612.3209,372.098207,3.386974,84.748983,2304.766892,2304.766893,9.99999883788405e-07
4096MB_32coords_64centers,128,4096.0,16777216,32,64,339.482069,3679.637671,1005.316734,13.234138,337.973356,5375.643968,5375.643969,9.99999429041054e-07
4096MB_32coords_94centers,128,4096.0,16777216,32,94,341.704369,4548.785925,999.685526,13.298988,336.805344,6240.280152,6240.280151,-1.0000003385357559e-06
4096MB_64coords_64centers,128,4096.0,8388608,64,64,340.298891,4972.378969,1431.256771,13.36503,333.266258,7090.565919000001,7090.56592,9.99999429041054e-07
4096MB_64coords_94centers,128,4096.0,8388608,64,94,339.83016,6244.63582,1418.827295,13.281822,334.178925,8350.754022000001,8350.754023,9.999985195463523e-07
